{"cameraMode":{"drawMode":0,"name":"Shaded","section":"Shading Mode"},"sceneLighting":true,"audioPlay":false,"sceneViewState":{"m_AlwaysRefresh":false,"showFog":true,"showSkybox":true,"showFlares":true,"showImageEffects":true,"showParticleSystems":true,"showVisualEffectGraphs":true,"m_FxEnabled":true},"in2DMode":false,"pivot":{"x":18.977998733520509,"y":18.591981887817384,"z":-37.77600860595703},"rotation":{"x":0.21310901641845704,"y":-0.2679789662361145,"z":0.06091833487153053,"w":0.9375873804092407},"size":0.000018207438188255765,"orthographic":false}