{"cameraMode":{"drawMode":0,"name":"Shaded","section":"Shading Mode"},"sceneLighting":false,"audioPlay":false,"sceneViewState":{"m_AlwaysRefresh":false,"showFog":true,"showSkybox":false,"showFlares":true,"showImageEffects":true,"showParticleSystems":true,"showVisualEffectGraphs":true,"m_FxEnabled":true},"in2DMode":false,"pivot":{"x":19.005271911621095,"y":18.567363739013673,"z":-37.705535888671878},"rotation":{"x":0.21310901641845704,"y":-0.2679789662361145,"z":0.06091833487153053,"w":0.9375873804092407},"size":2.209696054458618,"orthographic":false}